Name;MAC
AP-1;CC:DB:93:21:B0:7C
AP-2;CC:DB:93:21:B1:2C
AP-3;CC:DB:93:21:B0:B8
AP-4;CC:DB:93:21:B0:AE
AP-5;CC:DB:93:21:B1:18
AP-6;CC:DB:93:21:C5:56
AP-7;CC:DB:93:21:C2:88
AP-8;CC:DB:93:21:B1:20
AP-9;CC:DB:93:21:C4:60
AP-10;CC:DB:93:21:B0:9C
AP-11;CC:DB:93:21:C3:DE
AP-12;CC:DB:93:21:E1:34
AP-13;CC:DB:93:21:B1:5A
AP-14;CC:DB:93:21:DD:56
AP-15;CC:DB:93:21:B0:BE
AP-16;CC:DB:93:21:E0:F8
AP-17;CC:DB:93:21:E1:24
AP-18;CC:DB:93:21:B0:CA
AP-19;CC:DB:93:21:E1:32
AP-20;CC:DB:93:21:E0:F4
AP-21;CC:DB:93:21:B1:64
AP-22;CC:DB:93:21:C5:B8
AP-23;CC:DB:93:21:AF:B4
AP-24;CC:DB:93:21:C3:D4
AP-25;CC:DB:93:21:E1:A2
AP-26;CC:DB:93:21:E1:62
AP-27;CC:DB:93:21:DD:86
AP-28;CC:DB:93:21:DC:BA
AP-29;CC:DB:93:21:DD:1C
AP-30;CC:DB:93:21:C4:4A
AP-31;CC:DB:93:20:7C:82
AP-32;CC:DB:93:21:B0:88
AP-33;CC:DB:93:21:E0:56
AP-34;CC:DB:93:21:DD:D6
AP-35;CC:DB:93:21:E1:08
AP-36;CC:DB:93:21:E1:1A
AP-37;CC:DB:93:21:B1:08
AP-38;CC:DB:93:21:C4:4E
AP-39;CC:DB:93:21:C6:28
AP-40;CC:DB:93:21:C3:F4
AP-41;CC:DB:93:21:B0:9E
AP-42;CC:DB:93:21:C6:4C
AP-43;CC:DB:93:21:B0:C2
AP-44;CC:DB:93:21:B0:C8
AP-45;CC:DB:93:21:B0:86
AP-46;CC:DB:93:21:B0:FE
AP-47;CC:DB:93:21:E1:12
AP-48;CC:DB:93:21:DD:E8
AP-49;CC:DB:93:21:DD:92
AP-50;CC:DB:93:21:B1:0A
AP-51;CC:DB:93:21:E1:7A
AP-52;CC:DB:93:21:DD:B2
AP-53;CC:DB:93:21:C3:74
AP-54;CC:DB:93:21:DD:84
AP-55;CC:DB:93:21:AF:32
AP-56;CC:DB:93:21:E0:FE
AP-57; C:CD:B9:32:1D:C6
AP-58;CC:DB:93:21:C3:6A
AP-59;CC:DB:93:21:E1:02
AP-60;CC:DB:93:21:C4:36
AP-61;CC:DB:93:21:DD:66
AP-62;CC:DB:93:21:E1:9E
AP-63;CC:DB:93:21:DD:5E
AP-64;CC:DB:93:21:DD:4E
AP-65;CC:DB:93:21:E1:28
AP-66;CC:DB:93:21:B0:7A
AP-67;CC:DB:93:21:E1:88
AP-68;CC:DB:93:21:B0:6C
AP-69;CC:DB:93:21:B0:9A
AP-70;CC:DB:93:21:E1:90
AP-71;CC:DB:93:21:DD:34
AP-72;CC:DB:93:21:E1:84
AP-73;CC:DB:93:21:E0:86
AP-74;CC:DB:93:21:E1:48
AP-75;CC:DB:93:21:DD:6A
AP-76;CC:DB:93:21:DD:A0
AP-77;CC:DB:93:21:C4:BC
AP-78;CC:DB:93:21:C6:38
AP-79;CC:DB:93:21:DD:7C
AP-80;CC:DB:93:21:C5:90
AP-81;CC:DB:93:21:E1:2E
AP-82;CC:DB:93:21:B0:82
AP-83;CC:DB:93:21:C5:BC
AP-84;CC:DB:93:21:B0:C4
AP-85;CC:DB:93:21:E1:96
AP-86;CC:DB:93:21:DD:74
AP-87;CC:DB:93:21:DA:4C
AP-88;CC:DB:93:21:E1:54
AP-89;CC:DB:93:21:B1:1A
AP-90;CC:DB:93:21:E0:F6
AP-91;CC:DB:93:21:B0:AA
AP-92;CC:DB:93:21:DC:28
AP-93;CC:DB:93:21:DD:64
AP-94;CC:DB:93:21:E1:4C
AP-95;CC:DB:93:21:DD:2A
AP-96;CC:DB:93:21:C3:6C
AP-97;CC:DB:93:21:C3:60
AP-98;CC:DB:93:21:DC:62
AP-99;CC:DB:93:21:E1:8A
AP-100;CC:DB:93:21:C5:7C
AP-101;CC:DB:93:21:B1:02
AP-102;CC:DB:93:21:B1:5E
AP-103;CC:DB:93:21:C6:00
AP-104;CC:DB:93:21:B0:72
AP-105;CC:DB:93:21:DD:26
AP-106;CC:DB:93:21:C3:70
AP-107;CC:DB:93:21:C4:4C
AP-108;CC:DB:93:21:C3:5C
AP-109;CC:DB:93:21:B0:92
AP-110;CC:DB:93:21:B0:AC
AP-111;CC:DB:93:21:E1:5C
AP-112;A4:88:73:49:34:22
AP-113;A4:88:73:49:3D:30
AP-114;A4:88:73:49:32:E6
AP-115;A4:88:73:49:2F:96
AP-116;A4:88:73:49:44:AA
AP-117;A4:88:73:49:3F:BE
AP-118;A4:88:73:49:45:20
AP-119;A4:88:73:49:44:94
AP-120;A4:88:73:49:40:6C
AP-121;CC:DB:93:21:DE:D8
AP-122;CC:DB:93:21:E1:5E
AP-123;CC:DB:93:21:DD:B0
AP-124;A4:88:73:49:42:2C
AP-125;A4:88:73:49:40:96
AP-126;A4:88:73:49:42:C8
AP-127;CC:DB:93:21:DD:B6
AP-128;A4:88:73:49:2E:FA
AP-129;CC:DB:93:21:E1:58
AP-130;CC:DB:93:21:B0:E0
AP-131;A4:88:73:49:3D:B4
AP-132;A4:88:73:49:44:EA
AP-133;CC:DB:93:21:B0:EC
AP-134;A4:88:73:49:41:EC
AP-135;A4:88:73:49:3F:72
AP-136;A4:88:73:49:34:EE
AP-137;A4:88:73:49:3F:7A
AP-138;A4:88:73:49:11:8C
AP-139;A4:88:73:49:41:44
AP-140;A4:88:73:49:44:46
AP-141;A4:88:73:49:40:A4
AP-142;A4:88:73:49:45:2E